judul;link;sumber
Kukuhkan 4 Guru Besar, Rektor UTM Bangkalan Sebut Korupsi Adalah Problem Laten dan Susah Diberantas;https://madura.tribunnews.com/madura/229715/kukuhkan-4-guru-besar-rektor-utm-bangkalan-sebut-korupsi-adalah-problem-laten-dan-susah-diberantas;Tribun Madura
Kasus Dugaan Joki UTBK 2026 di Universitas Negeri Malang, Kampus Ungkap Modus Pemalsuan Identitas;https://madura.tribunnews.com/news/229714/kasus-dugaan-joki-utbk-2026-di-universitas-negeri-malang-kampus-ungkap-modus-pemalsuan-identitas;Tribun Madura
Dua Tokoh Asal Madura di Panggung Nasional: Arifatul Choiri Fauzi dan Mahfud MD, Ini Kiprahnya;https://madura.tribunnews.com/madura/229713/dua-tokoh-asal-madura-di-panggung-nasional-arifatul-choiri-fauzi-dan-mahfud-md-ini-kiprahnya;Tribun Madura
Mengenal 3 Perguruan Tinggi Negeri di Madura, Tonggak Pendidikan Tinggi di Pulau Garam;https://madura.tribunnews.com/madura/229712/mengenal-3-perguruan-tinggi-negeri-di-madura-tonggak-pendidikan-tinggi-di-pulau-garam;Tribun Madura
Deretan Masjid Ikonik di Madura, Jejak Sejarah hingga Simbol Peradaban Islam;https://madura.tribunnews.com/madura/229711/deretan-masjid-ikonik-di-madura-jejak-sejarah-hingga-simbol-peradaban-islam;Tribun Madura
Sidak Minyakita di Pasar Anom, Kapolres Sumenep Temukan Stok Aman dan Harga Stabil;https://madura.tribunnews.com/madura/229710/sidak-minyakita-di-pasar-anom-kapolres-sumenep-temukan-stok-aman-dan-harga-stabil;Tribun Madura
Curhatan Pilu 2 Anak di Bawah Umur di Pamekasan, Mengaku Bertahun-tahun Dilecehkan Oknum Guru Ngaji;https://madura.tribunnews.com/madura/229709/curhatan-pilu-2-anak-di-bawah-umur-di-pamekasan-mengaku-bertahun-tahun-dilecehkan-oknum-guru-ngaji;Tribun Madura
APBN Defisit Rp 240 T saat Anggaran MBG Tembus Rp 335 T, Dosen Ekonomi UTM Singgung Inefisiensi;https://madura.tribunnews.com/news/229444/apbn-defisit-rp-240-t-saat-anggaran-mbg-tembus-rp-335-t-dosen-ekonomi-utm-singgung-inefisiensi?utm_source=topstories;Tribun Madura
Gelar Sidak, Pemkab Sampang Peringatkan Pangkalan Tak Mainkan Harga Elpiji 3 Kg;https://madura.tribunnews.com/madura/229505/gelar-sidak-pemkab-sampang-peringatkan-pangkalan-tak-mainkan-harga-elpiji-3-kg?utm_source=topstories;Tribun Madura
SPPG di Bangkalan Tumbuh Subur 25 Unit Sebulan, Catatan Satgas MBG Pemkab Total 193 Dapur;https://madura.tribunnews.com/madura/229472/sppg-di-bangkalan-tumbuh-subur-25-unit-sebulan-catatan-satgas-mbg-pemkab-total-193-dapur?utm_source=topstories;Tribun Madura
Pusaran Angin Puting Beliung Mendekati Jembatan Suramadu, Berpacu di Belakang Perahu Nelayan;https://madura.tribunnews.com/madura/229708/pusaran-angin-puting-beliung-mendekati-jembatan-suramadu-berpacu-di-belakang-perahu-nelayan;Tribun Madura
Malut United vs Persebaya, Francisco Rivera Yakin Bajul Ijo Akhiri Tren Buruk;https://madura.tribunnews.com/superball/229707/malut-united-vs-persebaya-francisco-rivera-yakin-bajul-ijo-akhiri-tren-buruk;Tribun Madura
Isu Soal BBM dan Sembako Disorot, Polres Sumenep Perketat Pengawasan dan Waspadai Penimbunan;https://madura.tribunnews.com/madura/229706/isu-soal-bbm-dan-sembako-disorot-polres-sumenep-perketat-pengawasan-dan-waspadai-penimbunan;Tribun Madura
Malut United vs Persebaya, Motivasi Berlipat Riyan Ardiansyah Hadapi Mantan Tim;https://madura.tribunnews.com/superball/229705/malut-united-vs-persebaya-motivasi-berlipat-riyan-ardiansyah-hadapi-mantan-tim;Tribun Madura
Muncul Dugaan Joki UTBK 2026 di Universitas Negeri Malang, Pengawasan Diperketat;https://madura.tribunnews.com/news/229704/muncul-dugaan-joki-utbk-2026-di-universitas-negeri-malang-pengawasan-diperketat;Tribun Madura
Warga Semringah Antre Operasi Pasar LPG 3 Kg di Probolinggo, Digelar di 3 Kecamatan;https://madura.tribunnews.com/tapal-kuda/229703/warga-semringah-antre-operasi-pasar-lpg-3-kg-di-probolinggo-digelar-di-3-kecamatan;Tribun Madura
Harga Minyak Goreng Kemasan di Kota Blitar Naik, Stok Minyakita Kosong;https://madura.tribunnews.com/news/229702/harga-minyak-goreng-kemasan-di-kota-blitar-naik-stok-minyakita-kosong;Tribun Madura
Gelar Sidak, Pemkab Sampang Peringatkan Pangkalan Tak Mainkan Harga Elpiji 3 Kg;https://madura.tribunnews.com/madura/229505/gelar-sidak-pemkab-sampang-peringatkan-pangkalan-tak-mainkan-harga-elpiji-3-kg?utm_source=topindex;Tribun Madura
Ratusan Usulan Ditolak, Hanya 125 Penyandang Disabilitas Sampang yang Terima Bansos Pemprov;https://madura.tribunnews.com/madura/229701/ratusan-usulan-ditolak-hanya-125-penyandang-disabilitas-sampang-yang-terima-bansos-pemprov;Tribun Madura
Awal Mula Terbongkarnya Praktik Joki UTBK 2026 di Unesa, Modus yang Digunakan Terungkap;https://madura.tribunnews.com/surabaya/229700/awal-mula-terbongkarnya-praktik-joki-utbk-2026-di-unesa-modus-yang-digunakan-terungkap;Tribun Madura
Bebek Sinjay Madura Laris Manis, 3.000 Porsi Tejual per Hari, Pembeli Rela Antre demi Cita Rasa Khas;https://madura.tribunnews.com/travel/229699/bebek-sinjay-madura-laris-manis-3000-porsi-tejual-per-hari-pembeli-rela-antre-demi-cita-rasa-khas;Tribun Madura
Madura Terpopuler: UTBK 2026 di UTM Bangkalan hingga BPBD Sampang Siaga Hadapi Ancaman El Nino;https://madura.tribunnews.com/madura/229698/madura-terpopuler-utbk-2026-di-utm-bangkalan-hingga-bpbd-sampang-siaga-hadapi-ancaman-el-nino;Tribun Madura
Sosok Sarmi Jemaah Haji Tertua Madiun, Usia Renta Tidak Surutkan Semangat, Tak Lupa Bawa 'Jimat';https://madura.tribunnews.com/news/229697/sosok-sarmi-jemaah-haji-tertua-madiun-usia-renta-tidak-surutkan-semangat-tak-lupa-bawa-jimat;Tribun Madura
Dua Pria Diduga Mencuri di Sekitar Ponpes Langitan Tuban, Datang Boncengan, Pulang Pakai 2 Motor;https://madura.tribunnews.com/news/229696/dua-pria-diduga-mencuri-di-sekitar-ponpes-langitan-tuban-datang-boncengan-pulang-pakai-2-motor;Tribun Madura
Usai Retret Akmil, Ketua DPRD Sampang Langsung Ikuti Bimtek NasDem di Surabaya;https://madura.tribunnews.com/madura/229695/usai-retret-akmil-ketua-dprd-sampang-langsung-ikuti-bimtek-nasdem-di-surabaya;Tribun Madura
Pemprov Jatim Siap Tarik Pajak Mobil Listrik, Mulai Diberlakukan April 2026?;https://madura.tribunnews.com/news/229694/pemprov-jatim-siap-tarik-pajak-mobil-listrik-mulai-diberlakukan-april-2026;Tribun Madura
Pulang Mancing, Remaja di Banyuwangi Syok Temukan Jasad Bayi di Sungai Bersama Tumpukan Sampah;https://madura.tribunnews.com/tapal-kuda/229693/pulang-mancing-remaja-di-banyuwangi-syok-temukan-jasad-bayi-di-sungai-bersama-tumpukan-sampah;Tribun Madura
Benda Mirip Torpedo Ditemukan di Kangean Sumenep, Polisi Pasang Police Line dan Libatkan Gegana;https://madura.tribunnews.com/madura/229692/benda-mirip-torpedo-ditemukan-di-kangean-sumenep-polisi-pasang-police-line-dan-libatkan-gegana;Tribun Madura
Siswa-Guru SMPN Blega Bangkalan Dilarikan ke Puskesmas Usai Mengeluh Pusing dan Muntah setelah Makan;https://madura.tribunnews.com/madura/229691/siswa-guru-smpn-blega-bangkalan-dilarikan-ke-puskesmas-usai-mengeluh-pusing-dan-muntah-setelah-makan;Tribun Madura
Dari Kisah Adipati hingga Mendunia, Ini Sejarah, Ciri Khas dan Cara Membuat Sate Madura;https://madura.tribunnews.com/madura/229690/dari-kisah-adipati-hingga-mendunia-ini-sejarah-ciri-khas-dan-cara-membuat-sate-madura;Tribun Madura
Sosok Bahlil Lahadalia, Menteri ESDM yang Umumkan Harta Karun Gas Raksasa di Kutai;https://madura.tribunnews.com/gebrakan-sang-pemimpin/229689/sosok-bahlil-lahadalia-menteri-esdm-yang-umumkan-harta-karun-gas-raksasa-di-kutai;Tribun Madura
Persib Bandung vs Arema FC, Singo Edan Maksimalkan Persiapan Hadapi Laga Tandang;https://madura.tribunnews.com/superball/229688/persib-bandung-vs-arema-fc-singo-edan-maksimalkan-persiapan-hadapi-laga-tandang;Tribun Madura
Sidang Korupsi BSPS Sumenep Bergulir, Pengamat Desak Terdakwa Bongkar Aktor Besar;https://madura.tribunnews.com/madura/229687/sidang-korupsi-bsps-sumenep-bergulir-pengamat-desak-terdakwa-bongkar-aktor-besar;Tribun Madura
5 Fakta Menarik Universitas Madura, Kampus Swasta di Pamekasan yang Konsisten Berkembang sejak 1978;https://madura.tribunnews.com/madura/229686/5-fakta-menarik-universitas-madura-kampus-swasta-di-pamekasan-yang-konsisten-berkembang-sejak-1978;Tribun Madura
Perda sudah Ada, DPRD Sumenep Nilai Perlindungan Pasar Tradisional belum Maksimal;https://madura.tribunnews.com/madura/229685/perda-sudah-ada-dprd-sumenep-nilai-perlindungan-pasar-tradisional-belum-maksimal;Tribun Madura
31 Raperda Masuk Propemperda 2026, DPRD Sumenep Prioritaskan Aset dan Ekonomi Warga;https://madura.tribunnews.com/madura/229684/31-raperda-masuk-propemperda-2026-dprd-sumenep-prioritaskan-aset-dan-ekonomi-warga;Tribun Madura
Pulau Gili Iyang, Destinasi Wisata Kesehatan dengan Oksigen Tinggi di Sumenep;https://madura.tribunnews.com/travel/229683/pulau-gili-iyang-destinasi-wisata-kesehatan-dengan-oksigen-tinggi-di-sumenep;Tribun Madura
DLH Sampang Minta SPPG Kelola Sampah Mandiri: Silakan Buang Langsung ke TPA;https://madura.tribunnews.com/madura/229682/dlh-sampang-minta-sppg-kelola-sampah-mandiri-silakan-buang-langsung-ke-tpa;Tribun Madura
DPRD Sumenep Ketatkan Izin Toko Modern, Tak Boleh Dekat Pasar Tradisional;https://madura.tribunnews.com/madura/229681/dprd-sumenep-ketatkan-izin-toko-modern-tak-boleh-dekat-pasar-tradisional;Tribun Madura
Sosok Dedi Mulyadi, Gubernur Jawa Barat yang Tanggapi Kasus Siswa Purwakarta Hina Guru;https://madura.tribunnews.com/news/229680/sosok-dedi-mulyadi-gubernur-jawa-barat-yang-tanggapi-kasus-siswa-purwakarta-hina-guru;Tribun Madura
93 Desa belum Punya Lahan KDMP, DPRD Sumenep Desak Perda Pemanfaatan Aset;https://madura.tribunnews.com/madura/229679/93-desa-belum-punya-lahan-kdmp-dprd-sumenep-desak-perda-pemanfaatan-aset;Tribun Madura
Calon Mahasiswa Asal Papua Pilih UTM untuk UTBK, Peserta dari Sumenep Berangkat Jam 2 Dini Hari;https://madura.tribunnews.com/madura/229678/calon-mahasiswa-asal-papua-pilih-utm-untuk-utbk-peserta-dari-sumenep-berangkat-jam-2-dini-hari;Tribun Madura
Hadapi Kekeringan Ekstrem 2026, BPBD Sampang Ajukan Bantuan Tandon Air;https://madura.tribunnews.com/madura/229677/hadapi-kekeringan-ekstrem-2026-bpbd-sampang-ajukan-bantuan-tandon-air;Tribun Madura
Hari Kartini 2026, Refleksi Perjuangan RA Kartini dan Seruan Megawati untuk Perempuan;https://madura.tribunnews.com/news/229676/hari-kartini-2026-refleksi-perjuangan-ra-kartini-dan-seruan-megawati-untuk-perempuan;Tribun Madura
Sukses! Pemkab Sumenep Fasilitasi Mudik Gratis dengan KMP DBS III PT Sumekar;https://madurachannel.id/sukses-pemkab-sumenep-fasilitasi-mudik-gratis-dengan-kmp-dbs-iii-pt-sumekar/;Madura Channel
Menkeu Beri Sinyal Positif KEK Tembakau Madura, Pemuda Minta Daerah Segera Tindak Lanjuti;https://madurachannel.id/menkeu-beri-sinyal-positif-kek-tembakau-madura-pemuda-minta-daerah-segera-tindak-lanjuti/;Madura Channel
“Our Power, Our Planet”: Romli Ajak Generasi Muda Jatim Wujudkan Perubahan Kecil Berdampak Besar;https://madurachannel.id/our-power-our-planet-romli-ajak-generasi-muda-jatim-wujudkan-perubahan-kecil-berdampak-besar/;Madura Channel
Diserbu Warga, Grand Opening Istana Perabot Serba 2000 di Bukabu Ambunten Berlangsung Meriah;https://madurachannel.id/diserbu-warga-grand-opening-istana-perabot-serba-2000-di-bukabu-ambunten-berlangsung-meriah/;Madura Channel
Imbau Petani Tembakau Kurangi Jumlah Tanam, CEO PT. Bawang Mas: Stok Tahun Sebelumnya Masih Tersisa di Sejumlah Pabrik;https://madurachannel.id/imbau-petani-tembakau-kurangi-jumlah-tanam-ceo-pt-bawang-mas-stok-tahun-sebelumnya-masih-tersisa-di-sejumlah-pabrik/;Madura Channel
Viral! Makam Sepanjang 5 Meter Ditemukan di Sumenep, Warganet Curigai Settingan Demi Cuan;https://madurachannel.id/viral-makam-sepanjang-5-meter-ditemukan-di-sumenep-warganet-curigai-settingan-demi-cuan/;Madura Channel
Dosen ini Bongkar Rahasia Raup Milyaran dari Digital Marketing di RRI Sumenep;https://madurachannel.id/dosen-ini-bongkar-rahasia-raup-milyaran-dari-digital-marketing-di-rri-sumenep/;Madura Channel
Hari Bapak Pramuka Indonesia: Sosok Panutan bagi Generasi Muda;https://madurachannel.id/hari-bapak-pramuka-indonesia-sosok-panutan-bagi-generasi-muda/;Madura Channel
Hari Bapak Pramuka Indonesia, Ketua Kwarcab Sumenep Optimistis Pramuka Lahirkan Pemimpin Masa Depan;https://madurachannel.id/hari-bapak-pramuka-indonesia-ketua-kwarcab-sumenep-optimistis-pramuka-lahirkan-pemimpin-masa-depan/;Madura Channel
Beredar Video Emak-Emak Lempar Sampah Sembarangan, Iskil Fatih: Sumenep akan Jadi “Destinasi Sampah”;https://madurachannel.id/beredar-video-emak-emak-lempar-sampah-sembarangan-iskil-fatih-sumenep-akan-jadi-destinasi-sampah/;Madura Channel
Jalan Terjal Industri Rokok Madura;https://madurachannel.id/jalan-terjal-industri-rokok-madura/;Madura Channel
Hari Bapak Pramuka Indonesia 2025: Ketua Kwarda Sampaikan Pesan Mendalam Tentang Sosok HB IX;https://madurachannel.id/hari-bapak-pramuka-indonesia-2025-ketua-kwarda-sampaikan-pesan-mendalam-tentang-sosok-hb-ix/;Madura Channel
Akan Lapor Polisi! Skandal Gelar Palsu Ketua Komite OSIS Nasional;https://madurachannel.id/akan-lapor-polisi-skandal-gelar-palsu-ketua-komite-osis-nasional/;Madura Channel
Nahas, Maling Motor di Sampang Madura ditangkap Warga dan Motornya dibakar;https://madurachannel.id/nahas-maling-motor-di-sampang-madura-ditangkap-warga-dan-motornya-dibakar/;Madura Channel
Harga Bahan Pokok Turun di Pasar Anom Sumenep Pasca Lebaran 2025;https://madurachannel.id/harga-bahan-pokok-turun-di-pasar-anom-sumenep-pasca-lebaran-2025/;Madura Channel
Tidak Melanggar Aturan, Pemkab Sumenenp Tegaskan Status Plt Dirut Romli Sah secara Hukum;https://madurachannel.id/tidak-melanggar-aturan-pemkab-sumenenp-tegaskan-status-plt-dirut-romli-sah-secara-hukum/;Madura Channel
IKA UNAIR Sumenep Santuni Penyandang Tuna Netra dan Gelar Buka Bersama;https://madurachannel.id/ika-unair-sumenep-santuni-penyandang-tuna-netra-dan-gelar-buka-bersama/;Madura Channel
Peduli Sesama, GEN Bangkalan Bantu Warga Kurang Mampu di Kecamatan Tanah Merah;https://madurachannel.id/peduli-sesama-gen-bangkalan-bantu-warga-kurang-mampu-di-kecamatan-tanah-merah/;Madura Channel
Wujud Kedekatan dengan Masyarakat, BANSER Gapura Salurkan Puluhan Paket Sembako;https://madurachannel.id/wujud-kedekatan-dengan-masyarakat-banser-gapura-salurkan-puluhan-paket-sembako/;Madura Channel
MAB Group dan Haswal Group Lebarkan Sayap, Hadirkan Istana Perabot Serba 2000 di Bluto;https://madurachannel.id/mab-group-dan-haswal-group-lebarkan-sayap-hadirkan-istana-perabot-serba-2000-di-bluto/;Madura Channel
Wujud Kepedulian Insan Pers, Intregrity News Santuni Anak Yatim;https://madurachannel.id/wujud-kepedulian-insan-pers-intregrity-news-santuni-anak-yatim/;Madura Channel
GenWork Soroti Lemahnya Literasi Finansial di Sumenep, Masyarakat Masih Mudah Terjebak Investasi Bodong;https://madurachannel.id/genwork-soroti-lemahnya-literasi-finansial-di-sumenep-masyarakat-masih-mudah-terjebak-investasi-bodong/;Madura Channel
Berkah Ramadan, PT Sakti Abadi Motor Santuni Anak Yatim dan Bagikan Takjil;https://madurachannel.id/berkah-ramadan-pt-sakti-abadi-motor-santuni-anak-yatim-dan-bagikan-takjil/;Madura Channel
Pondok Ramadan Yayasan Nurul Huda Sumenep Diikuti Ratusan Siswa;https://madurachannel.id/pondok-ramadan-yayasan-nurul-huda-sumenep-diikuti-ratusan-siswa/;Madura Channel
Tablet Rasa Laptop, Huawei MatePad Pro 13.2 2026 Hadir dengan OLED 2.8K dan Stylus Canggih untuk Kreator;https://radarmadura.jawapos.com/oto-tekno/2604160041/tablet-rasa-laptop-huawei-matepad-pro-132-2026-hadir-dengan-oled-28k-dan-stylus-canggih-untuk-kreator;Radar Madura
UTM Kukuhkan Empat Profesor, Diharapkan Bisa Memberikan Dampak Positif kepada Masyarakat;https://radarmadura.jawapos.com/bangkalan/2604220036/utm-kukuhkan-empat-profesor-diharapkan-bisa-memberikan-dampak-positif-kepada-masyarakat;Radar Madura
KPK Pinjam Ruangan Polres Sampang, Diduga Periksa Kasus Tipikor Pokmas;https://radarmadura.jawapos.com/hukum-kriminal/2604200036/kpk-pinjam-ruangan-polres-sampang-diduga-periksa-kasus-tipikor-pokmas;Radar Madura
Bukan Sekadar Facelift Hyundai Creta 2026 Hadir Lebih Sporty Modern dan Siap Kuasai Jalanan Indonesia;https://radarmadura.jawapos.com/oto-tekno/2604100038/bukan-sekadar-facelift-hyundai-creta-2026-hadir-lebih-sporty-modern-dan-siap-kuasai-jalanan-indonesia;Radar Madura
https://digital.jawapos.com/newspaper/51310;https://digital.jawapos.com/newspaper/51310;Radar Madura
KPK Periksa Ketua Pokmas, Puluhan Warga Madulang Juga Dipanggil;https://radarmadura.jawapos.com/sampang/2604230003/kpk-periksa-ketua-pokmas-puluhan-warga-madulang-juga-dipanggil;Radar Madura
Terdakwa Buntesh Divonis Lebih Ringan, Korban Pelecehan Mengaku Belum Puas;https://radarmadura.jawapos.com/sampang/2604230007/terdakwa-buntesh-divonis-lebih-ringan-korban-pelecehan-mengaku-belum-puas;Radar Madura
Cari Mobil Keluarga Modern? Ini 7 Pilihan PHEV 7 Seater Terbaik dengan Teknologi Canggih dan Konsumsi Bahan Bakar Efisien;https://radarmadura.jawapos.com/oto-tekno/2604220033/cari-mobil-keluarga-modern-ini-7-pilihan-phev-7-seater-terbaik-dengan-teknologi-canggih-dan-konsumsi-bahan-bakar-efisien;Radar Madura
Samsung Galaxy Watch 7 Resmi Hadir dengan Galaxy AI, Bukan Sekadar Jam Tangan Biasa tapi Asisten Kesehatan Pintar yang Selalu Siaga;https://radarmadura.jawapos.com/oto-tekno/2604130006/samsung-galaxy-watch-7-resmi-hadir-dengan-galaxy-ai-bukan-sekadar-jam-tangan-biasa-tapi-asisten-kesehatan-pintar-yang-selalu-siaga;Radar Madura
Kepala SPPG Mundur Diduga karena Depresi , SPPG Kemala Bhayangkari Cabang Sampang Belum Beroperasi;https://radarmadura.jawapos.com/sampang/2604160005/kepala-sppg-mundur-diduga-karena-depresi-sppg-kemala-bhayangkari-cabang-sampang-belum-beroperasi;Radar Madura
Guru Honorer VS MBG: Negara Bisa Kasih Makan Murid, Tapi Kenapa Gurunya Masih Kelaparan?;https://radarmadura.jawapos.com/video/detail/2089/guru-honorer-vs-mbg-negara-bisa-kasih-makan-murid-tapi-kenapa-gurunya-masih-kelaparan;Radar Madura
Terekam Kamera Pemantau, Aksi Maling Sepeda Motor di Desa Banyuajuh;https://radarmadura.jawapos.com/bangkalan/2604220038/terekam-kamera-pemantau-aksi-maling-sepeda-motor-di-desa-banyuajuh;Radar Madura
Arab Saudi Membeli Peradaban: Proyek MBS Terlampau Gila Atau Jenius?;https://radarmadura.jawapos.com/video/detail/2085/arab-saudi-membeli-peradaban-proyek-mbs-terlampau-gila-atau-jenius;Radar Madura
Huawei Pura 90 Pro Max Resmi Meluncur di China, Flagship Kamera 200 MP dengan Kirin 9030S dan RAM 16 GB Bikin Geger Pasar;https://radarmadura.jawapos.com/oto-tekno/2604220035/huawei-pura-90-pro-max-resmi-meluncur-di-china-flagship-kamera-200-mp-dengan-kirin-9030s-dan-ram-16-gb-bikin-geger-pasar;Radar Madura
Belanja Iuran Jaminan Pekerja Rentan Dianggarkan Miliaran;https://radarmadura.jawapos.com/sumenep/2604230012/belanja-iuran-jaminan-pekerja-rentan-dianggarkan-miliaran;Radar Madura
Percepat Pembangunan, Pemkab dan TNI Luncurkan Program TMMD;https://radarmadura.jawapos.com/bangkalan/2604220037/percepat-pembangunan-pemkab-dan-tni-luncurkan-program-tmmd;Radar Madura
Menjadi Kartini di Ruang Kelas: Dari Kesadaran Diri hingga Melahirkan Generasi Setara;https://radarmadura.jawapos.com/opini/2604210016/menjadi-kartini-di-ruang-kelas-dari-kesadaran-diri-hingga-melahirkan-generasi-setara;Radar Madura
Usulan Formasi CPNS Berkurang, Pemkab Sampang Pertimbangkan Kemampuan Fiskal;https://radarmadura.jawapos.com/sampang/2604220030/usulan-formasi-cpns-berkurang-pemkab-sampang-pertimbangkan-kemampuan-fiskal;Radar Madura
Jadi Korban Penipuan Mantan PMI Setelah Beli Mobil via Media Sosial;https://radarmadura.jawapos.com/pamekasan/2604220028/jadi-korban-penipuan-mantan-pmi-setelah-beli-mobil-via-media-sosial;Radar Madura
Dukung Kapolres Ungkap Kasus Penipuan Jual Beli Mobil, Pokdarkamtibmas Bakal Hadiahi Medali;https://radarmadura.jawapos.com/pamekasan/2604230017/dukung-kapolres-ungkap-kasus-penipuan-jual-beli-mobil-pokdarkamtibmas-bakal-hadiahi-medali;Radar Madura
Cabdindik Dukung Guru Terus Berinovasi, Doakan Masuk Juara EJIES Tingkat Jawa Timur;https://radarmadura.jawapos.com/sumenep/2604100014/cabdindik-dukung-guru-terus-berinovasi-doakan-masuk-juara-ejies-tingkat-jawa-timur;Radar Madura
Sidang Penipuan Oknum LSM Ditunda;https://radarmadura.jawapos.com/pamekasan/2604230006/sidang-penipuan-oknum-lsm-ditunda;Radar Madura
Smartwatch Ringan dan Tahan Lama Huawei Watch Fit 4 Jadi Pilihan Menarik dengan Baterai 10 Hari dan Fitur Lengkap;https://radarmadura.jawapos.com/oto-tekno/2604170048/smartwatch-ringan-dan-tahan-lama-huawei-watch-fit-4-jadi-pilihan-menarik-dengan-baterai-10-hari-dan-fitur-lengkap;Radar Madura
Politikus Gerindra Masuk Daftar Pemeriksaan KPK, Kasus Korupsi Dana Hibah Pemprov Jatim;https://radarmadura.jawapos.com/sampang/2604220001/politikus-gerindra-masuk-daftar-pemeriksaan-kpk-kasus-korupsi-dana-hibah-pemprov-jatim;Radar Madura
Puluhan Perusahaan Konstruksi Mundur, Dalam Lelang Penawaran Proyek Gedung RSUD Syamrabu;https://radarmadura.jawapos.com/bangkalan/2604230001/puluhan-perusahaan-konstruksi-mundur-dalam-lelang-penawaran-proyek-gedung-rsud-syamrabu;Radar Madura
Sapa Legislatif - Trans Jatim Bangkitkan Madura, Solusi Transportasi Publik Dari DPRD Jatim;https://radarmadura.jawapos.com/video/detail/2081/sapa-legislatif-trans-jatim-bangkitkan-madura-solusi-transportasi-publik-dari-dprd-jatim;Radar Madura
Kejari Kembalikan Berkas Penyalahgunaan BBM Subsidi;https://radarmadura.jawapos.com/sumenep/2604230004/kejari-kembalikan-berkas-penyalahgunaan-bbm-subsidi;Radar Madura
komisi pemberantasan korupsi;https://radarmadura.jawapos.com/tag/komisi-pemberantasan-korupsi;Radar Madura
Kembalinya Raja Diesel, Isuzu Panther Mini 2026 Hadir Lebih Modern dengan Fitur Canggih dan Konsumsi BBM Super Irit;https://radarmadura.jawapos.com/oto-tekno/2604170040/kembalinya-raja-diesel-isuzu-panther-mini-2026-hadir-lebih-modern-dengan-fitur-canggih-dan-konsumsi-bbm-super-irit;Radar Madura
Guru, Peran dan Kesehatan Mental;https://radarmadura.jawapos.com/opini/2604190018/guru-peran-dan-kesehatan-mental;Radar Madura
Anggaran Perbaikan Jalan Capai Puluhan Miliar;https://radarmadura.jawapos.com/sumenep/2604230008/anggaran-perbaikan-jalan-capai-puluhan-miliar;Radar Madura
Urban Farming BRInita BRI, Solusi Lahan Sempit dan Penguatan Ekonomi Perempuan;https://radarmadura.jawapos.com/ekonomi-bisnis/2604230014/urban-farming-brinita-bri-solusi-lahan-sempit-dan-penguatan-ekonomi-perempuan;Radar Madura
ASN Penerima PKH Belum Dipanggil, Dinsos-BKPSDM Saling Lempar;https://radarmadura.jawapos.com/bangkalan/2604230002/asn-penerima-pkh-belum-dipanggil-dinsos-bkpsdm-saling-lempar;Radar Madura
Tersenggol di 32 Besar Usai Duel Sengit, Ubaid Tumbang dari Wakil Jepang Tiga Set;https://radarmadura.jawapos.com/sportainment/2604100017/tersenggol-di-32-besar-usai-duel-sengit-ubaid-tumbang-dari-wakil-jepang-tiga-set;Radar Madura
KONI Minta Atlet Konsisten Latihan dan Toreh Prestasi;https://radarmadura.jawapos.com/pamekasan/2604230013/koni-minta-atlet-konsisten-latihan-dan-toreh-prestasi;Radar Madura
Pemkab Sumenep Komitmen Sukseskan Program Desa Cantik;https://radarmadura.jawapos.com/sumenep/2604230010/pemkab-sumenep-komitmen-sukseskan-program-desa-cantik;Radar Madura
Bupati Hadiri Rakornas dengan Mentan, Pemkab Komitmen Kawal Kesejahteraan Petani Minta Dukungan Penuh Pemerintah Pusat;https://radarmadura.jawapos.com/sampang/2604220029/bupati-hadiri-rakornas-dengan-mentan-pemkab-komitmen-kawal-kesejahteraan-petani-minta-dukungan-penuh-pemerintah-pusat;Radar Madura
DPR RI Libatkan UTM dalam Penyusunan RUU Satu Data Indonesia;https://radarmadura.jawapos.com/bangkalan/2604230019/dpr-ri-libatkan-utm-dalam-penyusunan-ruu-satu-data-indonesia;Radar Madura
Warga Sampang Dikukuhkan Guru Besar Untag, Bupati Dorong Generasi Muda Tingkatkan Pengetahuan;https://radarmadura.jawapos.com/nasional/2604100022/warga-sampang-dikukuhkan-guru-besar-untag-bupati-dorong-generasi-muda-tingkatkan-pengetahuan;Radar Madura
Polytron Siapkan Motor Listrik Baru Penantang Kuat di Kelas Menengah, Jarak Tempuh Makin Jauh!;https://radarmadura.jawapos.com/oto-tekno/2604140038/polytron-siapkan-motor-listrik-baru-penantang-kuat-di-kelas-menengah-jarak-tempuh-makin-jauh;Radar Madura
Kanon Sastra Digital, Apakah yang Viral yang Berkualitas?;https://radarmadura.jawapos.com/opini/2604190014/kanon-sastra-digital-apakah-yang-viral-yang-berkualitas;Radar Madura
Kalau Dia Kaya????, Benar-Benar dari Trading Crypto?;https://radarmadura.jawapos.com/video/detail/2087/kalau-dia-kaya-benar-benar-dari-trading-crypto;Radar Madura
Belanja Pegawai 2027 Berpotensi Membengkak;https://radarmadura.jawapos.com/pamekasan/2604100012/belanja-pegawai-2027-berpotensi-membengkak;Radar Madura
Akui Sulit Capai Target, DKUPP Pasca PAD Pasar Naik 50 Persen;https://radarmadura.jawapos.com/sumenep/2604230011/akui-sulit-capai-target-dkupp-pasca-pad-pasar-naik-50-persen;Radar Madura
Vision 2030 NEOM: Kota Masa Depan atau Halusinasi Muhammad Bin Salman?;https://radarmadura.jawapos.com/video/detail/2086/vision-2030-neom-kota-masa-depan-atau-halusinasi-muhammad-bin-salman;Radar Madura
Pemeliharaan Kendaraan DLH Sumenep Tembus Rp 1,2 Miliar, Komisi III Akan Lakukan Pengawasan;https://radarmadura.jawapos.com/sumenep/2604230005/pemeliharaan-kendaraan-dlh-sumenep-tembus-rp-12-miliar-komisi-iii-akan-lakukan-pengawasan;Radar Madura
Sapa Legislatif - Ketua Komisi D DPRD Jatim Bongkar Solusi Banjir Madura;https://radarmadura.jawapos.com/video/detail/2082/sapa-legislatif-ketua-komisi-d-dprd-jatim-bongkar-solusi-banjir-madura;Radar Madura
Puskesmas Batuputih Intens Pantau Jentik Anopheles, Cegah Penyebaran Malaria;https://radarmadura.jawapos.com/sumenep/2604220032/puskesmas-batuputih-intens-pantau-jentik-anopheles-cegah-penyebaran-malaria;Radar Madura
KDKMP Kabupaten Sampang Diproyeksikan Jadi Mitra SPPG;https://radarmadura.jawapos.com/sampang/2604100023/kdkmp-kabupaten-sampang-diproyeksikan-jadi-mitra-sppg;Radar Madura
Mahasiswa dan Aktivis Sisir Sampah di Pelabuhan Branta;https://radarmadura.jawapos.com/pamekasan/2604230015/mahasiswa-dan-aktivis-sisir-sampah-di-pelabuhan-branta;Radar Madura
Alasan dan Fakta 11 Menit Operasi IRAN Gagal: Kekejaman IRGC, Oposisi Terpecah & Pengkhianatan AS;https://radarmadura.jawapos.com/video/detail/2088/alasan-dan-fakta-11-menit-operasi-iran-gagal-kekejaman-irgc-oposisi-terpecah-pengkhianatan-as;Radar Madura
MBS, NEOM, dan Fata Morgana Ekonomi Arab Saudi | Analisis Mendalam;https://radarmadura.jawapos.com/video/detail/2084/mbs-neom-dan-fata-morgana-ekonomi-arab-saudi-analisis-mendalam;Radar Madura
Realisasi Bantuan Budi Daya Lele Buram;https://radarmadura.jawapos.com/pamekasan/2604230016/realisasi-bantuan-budi-daya-lele-buram;Radar Madura
Nissan Juke 2026 Edisi Pulse Hadir Lebih Nyentrik dan Canggih dengan Sistem Audio Bose dan Opsi Hybrid;https://radarmadura.jawapos.com/oto-tekno/2604170003/nissan-juke-2026-edisi-pulse-hadir-lebih-nyentrik-dan-canggih-dengan-sistem-audio-bose-dan-opsi-hybrid;Radar Madura
BRI Hadirkan Cicil Emas di BRImo, Dapat Cashback Rp 200 Ribu;https://radarmadura.jawapos.com/ekonomi-bisnis/2604100026/bri-hadirkan-cicil-emas-di-brimo-dapat-cashback-rp-200-ribu;Radar Madura
Sapa Legislatif - PERJUANGKAN ASPIRASI MASYARAKAT DARATAN DAN KEPULAUAN || Radar Madura TV;https://radarmadura.jawapos.com/video/detail/2080/sapa-legislatif-perjuangkan-aspirasi-masyarakat-daratan-dan-kepulauan-radar-madura-tv;Radar Madura
DPRD Sumenep Soroti Ketimpangan Pasar Tradisional dan Modern;https://radarmadura.jawapos.com/sumenep/2604230009/dprd-sumenep-soroti-ketimpangan-pasar-tradisional-dan-modern;Radar Madura
Empat Terdakwa Akui Cabuli Korban;https://radarmadura.jawapos.com/hukum-kriminal/2604220031/empat-terdakwa-akui-cabuli-korban;Radar Madura
Peringati Hari Bumi, BRI Tanam 500 Mangrove di Muara Gembong Bekasi;https://radarmadura.jawapos.com/ekonomi-bisnis/2604220034/peringati-hari-bumi-bri-tanam-500-mangrove-di-muara-gembong-bekasi;Radar Madura
10,3 Miliar dari Warga untuk Warga, Kisah Revolusi Kecil yang Mengubah Negeri yang Terdampak Bencana;https://radarmadura.jawapos.com/video/detail/2083/103-miliar-dari-warga-untuk-warga-kisah-revolusi-kecil-yang-mengubah-negeri-yang-terdampak-bencana;Radar Madura
Tiga Tahun Tunjangan Guru PAI SD Sebagian Tak Cair;https://radarmadura.jawapos.com/pamekasan/2604100027/tiga-tahun-tunjangan-guru-pai-sd-sebagian-tak-cair;Radar Madura
Belanja Pegawai Tak sesuai Amanat Undang-undang;https://radarmadura.jawapos.com/sampang/2604230018/belanja-pegawai-tak-sesuai-amanat-undang-undang;Radar Madura
Imigrasi Berlakukan WFH pada hari Jumat, Layanan Keimigrasian Tetap Beroperasi;https://radarmadura.jawapos.com/nasional/2604100048/imigrasi-berlakukan-wfh-pada-hari-jumat-layanan-keimigrasian-tetap-beroperasi;Radar Madura
Korwil BGN di Sampang Diduga Lakukan Pembiaran, Ratusan Dapur MBG Tak Kantongi PBG;https://radarmadura.jawapos.com/sampang/2604210022/korwil-bgn-di-sampang-diduga-lakukan-pembiaran-ratusan-dapur-mbg-tak-kantongi-pbg;Radar Madura
Empat Guru Besar UTM Dikukuhkan, Usung Inovasi Antikorupsi hingga Teknologi Maritim;https://www.koranmadura.com/2026/04/empat-guru-besar-utm-dikukuhkan-usung-inovasi-antikorupsi-hingga-teknologi-maritim/;Koran Madura
Pasar Keppo Ramai Jelang Iduladha, Harga Sapi Mulai Naik;https://www.koranmadura.com/2026/04/pasar-keppo-ramai-jelang-iduladha-harga-sapi-mulai-naik/;Koran Madura
Pecinan Bangkalan Disiapkan Jadi Sentra Kuliner Malam;https://www.koranmadura.com/2026/04/pecinan-bangkalan-disiapkan-jadi-sentra-kuliner-malam/;Koran Madura
Guru Ngaji di Waru Pamekasan Diduga Cabuli Dua Anak;https://www.koranmadura.com/2026/04/guru-ngaji-di-waru-pamekasan-diduga-cabuli-dua-anak/;Koran Madura
Dua dari Enam ASN Penerima Bansos Tak Kooperatif, BKPSDA Akan Minta Klarifikasi;https://www.koranmadura.com/2026/04/dua-dari-enam-asn-penerima-bansos-tak-kooperatif-bkpsda-akan-minta-klarifikasi/;Koran Madura
Harga Elpiji 3 Kg di Sampang Naik dan Langka, DPRD Panggil Pemkab dan Pertamina;https://www.koranmadura.com/2026/04/harga-elpiji-3-kg-di-sampang-naik-dan-langka-dprd-panggil-pemkab-dan-pertamina/;Koran Madura
Sekda Bangkalan Tertangkap Kamera ‘Tidur’ Saat Paripurna, LIRA Bakal Geruduk Kantor Pemkab Besok;https://www.koranmadura.com/2026/04/sekda-bangkalan-tertangkap-kamera-tidur-saat-paripurna-lira-bakal-geruduk-kantor-pemkab-besok/;Koran Madura
Buntut Demo PMII, Komisi III DPRD Sampang Segera Panggil Bos Tambang Galian C dan Gandeng APH;https://www.koranmadura.com/2026/04/buntut-demo-pmii-komisi-iii-dprd-sampang-segera-panggil-bos-tambang-galian-c-dan-gandeng-aph/;Koran Madura
Tatap Pemilu 2029, Muscab X PPP Sampang Mulai Susun Tim Formatur untuk Suksesi Kepemimpinan;https://www.koranmadura.com/2026/04/tatap-pemilu-2029-muscab-x-ppp-sampang-mulai-susun-tim-formatur-untuk-suksesi-kepemimpinan/;Koran Madura
DPRD Sampang Sahkan 4 Raperda Inisiatif;https://www.koranmadura.com/2026/03/dprd-sampang-sahkan-4-raperda-inisiatif/;Koran Madura
Bukber Ramadan, SPPG Dalpenang Sampang Perkuat Solidaritas Relawan dan Kualitas Program MBG;https://www.koranmadura.com/2026/03/bukber-ramadan-sppg-dalpenang-sampang-perkuat-solidaritas-relawan-dan-kualitas-program-mbg/;Koran Madura
UTM dan PCIM Malaysia Tandatangani MoU Strategis Dukung Internasionalisasi Kampus Madura;https://www.koranmadura.com/2025/10/utm-dan-pcim-malaysia-tandatangani-mou-strategis-dukung-internasionalisasi-kampus-madura/;Koran Madura
UTM Wisuda 1.979 Lulusan, Rektor Tekankan Teladan Ki Hajar Dewantara sebagai Pilar Bangsa;https://www.koranmadura.com/2025/08/utm-wisuda-1-979-lulusan-rektor-tekankan-teladan-ki-hajar-dewantara-sebagai-pilar-bangsa/;Koran Madura
JCH Pamekasan Siap Berangkat, Dokumen dan Visa Rampung;https://www.koranmadura.com/2026/04/jch-pamekasan-siap-berangkat-dokumen-dan-visa-rampung/;Koran Madura
Polisi Selidiki Dugaan Asusila Oknum Kiai di Pamekasan;https://www.koranmadura.com/2026/04/polisi-selidiki-dugaan-asusila-oknum-kiai-di-pamekasan/;Koran Madura
Sidak Minyakita di Pasar, Kapolres Sumenep Ingatkan Pedagang Tak Mainkan Harga;https://www.koranmadura.com/2026/04/sidak-minyakita-di-pasar-kapolres-sumenep-ingatkan-pedagang-tak-mainkan-harga/;Koran Madura
UTBK SNBT 2026 di UTM Diikuti 2.827 Peserta dari 17 Provinsi;https://www.koranmadura.com/2026/04/utbk-snbt-2026-di-utm-diikuti-2-827-peserta-dari-17-provinsi/;Koran Madura
Pemkab Sumenep Canangkan “Desa Cantik”, Ini Tujuannya;https://www.koranmadura.com/2026/04/pemkab-sumenep-canangkan-desa-cantik-ini-tujuannya/;Koran Madura
Tak Ada Pajak Khusus, Pemkab Bangkalan Klaim Gudang Tetap Tertib Bayar PBB;https://www.koranmadura.com/2026/04/tak-ada-pajak-khusus-pemkab-bangkalan-klaim-gudang-tetap-tertib-bayar-pbb/;Koran Madura
Memplintir Ceramah JK;https://www.koranmadura.com/2026/04/memplintir-ceramah-jk/;Koran Madura
Buntut Polemik Rangkap Jabatan, Ketua Baznas Sampang Akhirnya Mundur dari Kursi PPPK Kemenag;https://www.koranmadura.com/2026/04/buntut-polemik-rangkap-jabatan-ketua-baznas-sampang-akhirnya-mundur-dari-kursi-pppk-kemenag/;Koran Madura
KPK Periksa Puluhan Pokmas di Bangkalan;https://www.koranmadura.com/2026/04/kpk-periksa-puluhan-pokmas-di-bangkalan/;Koran Madura
Pengedar Ekstasi di Camplong Dibekuk Polisi;https://www.koranmadura.com/2026/04/pengedar-ekstasi-di-camplong-dibekuk-polisi/;Koran Madura
Penertiban Pasar Hasyim Asy’ari, Satpol PP Siagakan Petugas Sepekan;https://www.koranmadura.com/2026/04/penertiban-pasar-hasyim-asyari-satpol-pp-siagakan-petugas-sepekan/;Koran Madura
Politik & Pemerintahan;https://mediamadura.com/category/politik-pemerintahan/;Media Madura
Seni Budaya & Hiburan;https://mediamadura.com/category/seni-budaya-hiburan/;Media Madura
Kode Etik Jurnalistik;https://mediamadura.com/kode-etik-jurnalistik/;Media Madura
Madura United Tumbangkan Persebaya, Menjauh dari Zona Merah;https://mediamadura.com/2026/04/17/madura-united-tumbangkan-persebaya-menjauh-dari-zona-merah/;Media Madura
Achsanul Qosasi: Kemenangan di SGB Jadi Awal Kembalinya Cahaya Madura United;https://mediamadura.com/2026/04/11/achsanul-qosasi-kemenangan-di-sgb-jadi-awal-kembalinya-cahaya-madura-united/;Media Madura
Madura United Akhiri Paceklik Kemenangan, Taklukkan Persik Kediri 2-1 di Bangkalan;https://mediamadura.com/2026/04/11/madura-united-akhiri-paceklik-kemenangan-taklukkan-persik-kediri-2-1-di-bangkalan/;Media Madura
Pengurus POBSI Pamekasan Resmi Dikukuhkan, Siap Majukan Atlet Biliar Daerah;https://mediamadura.com/2026/04/04/pengurus-pobsi-pamekasan-resmi-dikukuhkan-siap-majukan-atlet-biliar-daerah/;Media Madura
Coach Carlos Parreira Mundur dari Kursi Pelatih Madura United;https://mediamadura.com/2026/03/14/coach-carlos-parreira-mundur-dari-kursi-pelatih-madura-united/;Media Madura
PPP Sampang Gelar Muscab Menyongsong Pemilu 2029‎‎Sampang,;https://mediamadura.com/2026/04/22/ppp-sampang-gelar-muscab-menyongsong-pemilu-2029sampang/;Media Madura
FGD dan Aksi Bersih Pantai, Mastapala UIN Madura Soroti Krisis Sampah Pesisir;https://mediamadura.com/2026/04/22/fgd-dan-aksi-bersih-pantai-mastapala-uin-madura-soroti-krisis-sampah-pesisir/;Media Madura
Konsolidasi Jurnalistik PWI Pamekasan, Wartawan Diingatkan Hindari Fitnah, Jaga Integritas;https://mediamadura.com/2026/04/20/konsolidasi-jurnalistik-pwi-pamekasan-wartawan-diingatkan-hindari-fitnah-jaga-integritas/;Media Madura
Hj. Ansari Gencarkan Penanaman Pangan Alternatif dan Bantu Petani di Pamekasan;https://mediamadura.com/2026/04/19/hj-ansari-gencarkan-penanaman-pangan-alternatif-dan-bantu-petani-di-pamekasan/;Media Madura
Viral Video Muda-mudi Mesum di Lapangan Wijaya Kusuma Sampang;https://mediamadura.com/2020/01/06/viral-video-muda-mudi-mesum-di-lapangan-wijaya-kusuma-sampang/;Media Madura
Panwaslu Warning Kades di Sampang Tak Terlibat Tahapan Pilkada;https://mediamadura.com/2018/01/17/panwaslu-warning-kades-di-sampang-tak-terlibat-tahapan-pilkada/;Media Madura
Kunci Gitar Lagu Tondu’ Majâng;https://mediamadura.com/2018/02/08/kunci-gitar-lagu-tonduk-majeng/;Media Madura
SAI Gerakkan Tanam Pangan Alternatif di Pamekasan, Perkuat Ketahanan di Tengah Krisis Global;https://mediamadura.com/2026/04/18/sai-gerakkan-tanam-pangan-alternatif-di-pamekasan-perkuat-ketahanan-di-tengah-krisis-global/;Media Madura
Ini Nama-nama Anggota DPRD Sampang Terpilih 2024-2029;https://mediamadura.com/2024/03/07/ini-nama-nama-anggota-dprd-sampang-terpilih-2024-2029/;Media Madura
Bupati Pamekasan Desak Polisi Usut Tuntas Kasus Video Mesum di Kantor Pemkab;https://mediamadura.com/2017/07/17/bupati-pamekasan-desak-polisi-usut-tuntas-kasus-video-mesum-di-kantor-pemkab/;Media Madura
Tersentuh Kisah Pedagang Kecil, Hj. Ansari Datangi Ibu Ismail dan Borong Dagangan di Bulan Ramadan;https://mediamadura.com/2026/03/11/tersentuh-kisah-pedagang-kecil-hj-ansari-datangi-ibu-ismail-dan-borong-dagangan-di-bulan-ramadan/;Media Madura
Hj. Ansari Mengaku Grogi Bicara di Hadapan Guru-gurunya di Al Amien;https://mediamadura.com/2025/11/18/hj-ansari-mengaku-grogi-bicara-di-hadapan-guru-gurunya-di-al-amien/;Media Madura
Demi Provinsi Madura, Pamekasan...;https://mediamadura.com/2021/02/17/demi-provinsi-madura-pamekasan-bakal-jadi-kota-pamekasan-dan-kabupaten/;Media Madura
Kata Terlapor Pemotongan PKH...;https://mediamadura.com/2020/11/18/kata-terlapor-pemotongan-pkh-gunung-maddah-sampang-disuruh-pendamping/;Media Madura
Pasar Malam di Pamekasan...;https://mediamadura.com/2020/09/23/pasar-malam-di-pamekasan-dipertimbangkan-segera-dibuka/;Media Madura
14 Putra Madura Tuntaskan Studi di Yaman, Ada yang Hafal 30 Juz dan Cum Laude;https://mediamadura.com/2026/04/18/14-putra-madura-tuntaskan-studi-di-yaman-ada-yang-hafal-30-juz-dan-cum-laude/;Media Madura
Peduli Lingkungan, AJP Turun Langsung Tanam Ribuan Mangrove hingga Lepas Burung di Pesisir Pamekasan;https://mediamadura.com/2026/04/13/peduli-lingkungan-ajp-turun-langsung-tanam-ribuan-mangrove-hingga-lepas-burung-di-pesisir-pamekasan/;Media Madura
Pemuda Pamekasan Ini Wakili Madura dalam Pelayaran Jalur rempah Bersama KRI Dewaruci;https://mediamadura.com/2024/06/03/pemuda-pamekasan-ini-wakili-madura-dalam-pelayaran-jalur-rempah-bersama-kri-dewaruci/;Media Madura
Front One and Azana Style Hotel Madura Rilis Menu Makanan Eropa Spesial Ramadan;https://mediamadura.com/2024/03/07/front-one-and-azana-style-hotel-madura-rilis-menu-makanan-eropa-spesial-ramadan/;Media Madura
Kotak Suara di Sampang Dibawa Kabur 2 Orang Naik Mobil;https://mediamadura.com/2019/04/17/kotak-suara-di-sampang-dibawa-kabur-2-orang-naik-mobil/;Media Madura
Peran Pelaku Pembunuh Suliman Terungkap, Polisi Akui Minim Saksi;https://mediamadura.com/2021/04/20/peran-pelaku-pembunuh-suliman-terungkap-polisi-akui-minim-saksi/;Media Madura
Penyekatan di Suramadu Akhirnya Dihentikan Pindah ke Bangkalan;https://mediamadura.com/2021/06/18/penyekatan-di-suramadu-akhirnya-dihentikan-pindah-ke-bangkalan/;Media Madura
Sampang Raih WTP Empat Kali Berturut-turut;https://mediamadura.com/2022/05/14/sampang-raih-wtp-empat-kali-berturut-turut/;Media Madura
Bupati Sampang dan Wabup Shalat Idhul Fitri dengan Warga di Lapangan Wijaya Kusuma;https://mediamadura.com/2022/05/02/bupati-sampang-dan-wabup-shalat-idhul-fitri-dengan-warga-di-lapangan-wijaya-kusuma/;Media Madura
Pakai Uang Pribadi, Bupati Sampang Perbaiki Rumah Janda di Desa Kembang Jeruk;https://mediamadura.com/2021/09/16/pakai-uang-pribadi-bupati-sampang-perbaik-rumah-janda-di-desa-kembang-jeruk/;Media Madura
Peran Teknologi dalam Menjawab Krisis Pangan Global;https://mediamadura.com/2025/06/21/peran-teknologi-dalam-menjawab-krisis-pangan-global/;Media Madura
Realisasi Masih Menunggu : Catatan Ringan dari Pinggiran Sidang;https://mediamadura.com/2025/04/16/realisasi-masih-menunggu-catatan-ringan-dari-pinggiran-sidang/;Media Madura
Ibu Hamil di Sampang Meninggal Ditabrak Mobil;https://mediamadura.com/2025/01/22/ibu-hamil-di-sampang-meninggal-ditabrak-mobil/;Media Madura
Pilkada Serentak 2024: Bukti Perempuan Jawa Timur Pantas Memimpin;https://mediamadura.com/2024/11/07/pilkada-serentak-2024-bukti-perempuan-jawa-timur-pantas-memimpin/;Media Madura
Bertemu Santri Al-Amien, Hj. Ansari Paparkan Makna Ramadan dan Keutamaan Lailatul Qadar;https://mediamadura.com/2026/03/07/bertemu-santri-al-amien-hj-ansari-paparkan-makna-ramadan-dan-keutamaan-lailatul-qadar/;Media Madura
Pengusaha di Sampang Ini Bangun Jalan dan Aliran Listrik Desa Habiskan Miliaran;https://mediamadura.com/2025/10/20/pengusaha-di-sampang-ini-bangun-jalan-dan-aliran-listrik-desa-habiskan-miliaran/;Media Madura
Desa Cerdas Kertagena Dajah Sabet Dua Pengahargaan KI Award 2023 Jawa Timur;https://mediamadura.com/2023/12/05/desa-cerdas-kertagena-dajah-sabet-dua-pengahargaan-ki-award-2023-jawa-timur/;Media Madura
Mahasiswa UB Bantu Petani Lakukan Pengecekan Kesuburan Tanah;https://mediamadura.com/2023/07/15/mahasiswa-ub-bantu-petani-lakukan-pengecekan-kesuburan-tanah/;Media Madura
Maling Pembobol Konter HP Ditangkap, Keok di Tangan Tim Buser Sampang;https://mediamadura.com/2021/04/29/maling-pembobol-konter-hp-ditangkap-keok-di-tangan-tim-buser-sampang/;Media Madura
Soal Program Vaksinasi, Bupati Pamekasan Minta Camat dan Kades Edukasi Masyarakat;https://mediamadura.com/2021/10/14/soal-program-vaksinasi-bupati-pamekasan-minta-camat-dan-kades-edukasi-masyarakat/;Media Madura
Maling Motor di Sumenep Nyaris Tewas Dimassa, Begini Kronologinya;https://mediamadura.com/2018/04/24/maling-motor-di-sumenep-nyaris-tewas-dimassa-begini-kronologinya/;Media Madura
Lima Kode Wanita yang Ingin Berhubungan Intim;https://mediamadura.com/2018/01/24/lima-kode-wanita-yang-ingin-berhubungan-intim/;Media Madura
Dugaan Pita Cukai Palsu di Pamekasan, Warga Pasean Terancam Pidana 8 Tahun;https://madurapost.net/dugaan-pita-cukai-palsu-di-pamekasan-warga-pasean-terancam-pidana-8-tahun/;Madura Post
Bos Fengky Antar Tim BF Racing Jadi Raja Balap di Surabaya;https://madurapost.net/bos-fengky-antar-tim-bf-racing-jadi-raja-balap-di-sumenep/;Madura Post
Praperadilan Disiapkan, LBH Achmad Madani Putra dan Rekan-rekan Uji Profesionalitas Penyidik Polres Pamekasan;https://madurapost.net/praperadilan-disiapkan-lbh-achmad-madani-putra-dan-rekan-rekan-uji-profesionalitas-penyidik-polres-pamekasan/;Madura Post
Kasus H. Latif Memanas, LBH Achmad Madani Putra dan Rekan-rekan Gugat Balik Polres dan Pelapor ke Polri;https://madurapost.net/kasus-h-latif-memanas-lbh-achmad-madani-putra-dan-rekan-rekan-gugat-balik-polres-dan-pelapor-ke-polri/;Madura Post
Proyek Interior Bank Jatim Berakhir Tragis, Tanggung Jawab Vendor Dipertanyakan;https://madurapost.net/proyek-interior-bank-jatim-berakhir-tragis-tanggung-jawab-vendor-dipertanyakan/;Madura Post
Kakek Guru Ngaji Diduga Rudapaksa Dua Anak di Bawah Umur;https://madurapost.net/kakek-guru-ngaji-diduga-rudapaksa-dua-anak-di-bawah-umur/;Madura Post
Renk Tani Pamekasan Sebut Ketua DPW KAKI Jatim Numpang Tenar Melalui H.Her;https://madurapost.net/renk-tani-pamekasan-sebut-ketua-dpw-kaki-jatim-numpang-tenar-melalui-h-her/;Madura Post
Klinik dr. Fajar Habibi Berikan Pelayanan Kesehatan Maksimal untuk Warga Pantura Jumat, 13 Maret 2026 | 11:14 WIB;https://madurapost.net/klinik-dr-fajar-habibi-berikan-pelayanan-kesehatan-maksimal-untuk-warga-pantura/;Madura Post
RSUD Waru Tingkatkan Pelayanan Kesehatan bagi Masyarakat Pantura;https://madurapost.net/rsud-waru-tingkatkan-pelayanan-kesehatan-bagi-masyarakat-pantura/;Madura Post
RSUDMA Sumenep Percepat Transformasi Digital, Antrean Dipangkas hingga Rekam Medis Terintegrasi;https://madurapost.net/rsudma-sumenep-percepat-transformasi-digital-antrean-dipangkas-hingga-rekam-medis-terintegrasi/;Madura Post
RSUD Waru Menunggu Kebijakan Visioner Bupati Kholilurrahman;https://madurapost.net/rsud-waru-menunggu-kebijakan-visioner-bupati-kholilurrahman/;Madura Post
RS Baghraf Sumenep Mulai Layani Pasien BPJS, Sediakan Pojok Mobile JKN;https://madurapost.net/rs-baghraf-sumenep-mulai-layani-pasien-bpjs-sediakan-pojok-mobile-jkn/;Madura Post
RSUDMA Sumenep Tingkatkan Layanan Medis dengan Teknologi Canggih dan Program Inovatif;https://madurapost.net/rsudma-sumenep-tingkatkan-layanan-medis-dengan-teknologi-canggih-dan-program-inovatif/;Madura Post
1Ketua DPRD Pamekasan Minta Polres Serius Tangani Kasus Penghinaan Terhadap KH.MuddatstsirSenin, 8 Juni 2020 | 6:59 WIB 3;https://madurapost.net/ketua-dprd-pamekasan-minta-polres-serius-tangani-kasus-penghinaan-terhadap-kh-muddatstsir/;Madura Post
Ternyata Pemilik Akun Facebook Bernama Suteki Adalah Cewek Cantik;https://madurapost.net/ternyata-pemilik-akun-facebook-bernama-suteki-adalah-cewek-cantik/;Madura Post
Beredar Pamflet PR. PMII Pamekasan Anggap Nabi Muhammad Sebagai Kader PMII Sejati;https://madurapost.net/beredar-pamflet-pr-pmii-pamekasan-anggap-nabi-muhammad-sebagai-kader-pmii-sejati/;Madura Post
Alumni PP Miftahul Ulum Panyepen Minta Polres Pamekasan Segera Tangkap Penghina KH. Mudatstsir;https://madurapost.net/alumni-pp-miftahul-ulum-panyepen-minta-polres-pamekasan-segera-tangkap-penghina-kh-mudatstsir/;Madura Post
Kepala Desa se Kecamatan Sokobanah Siap Komando Aksi Bela RKH.Muddatstsir;https://madurapost.net/kepala-desa-se-kecamatan-sokobanah-siap-komando-aksi-bela-kh-muddatstsir/;Madura Post
Korban Tewas di Proyek Bank Jatim Sumenep, Keluarga Sebut Banyak Kabel Lecet;https://madurapost.net/korban-tewas-di-proyek-bank-jatim-sumenep-keluarga-sebut-banyak-kabel-lecet/;Madura Post
PAN Tegaskan Komitmen Usung Prabowo Subianto Kembali di Pilpres 2029;https://madurapost.net/pan-tegaskan-komitmen-usung-prabowo-subianto-kembali-di-pilpres-2029/;Madura Post
Jelang Kongres 2026, BM PAN Jatim Dorong Munculnya Sejumlah Kandidat Ketua;https://madurapost.net/jelang-kongres-2026-bm-pan-jatim-dorong-munculnya-sejumlah-kandidat-ketua/;Madura Post
Konsolidasi Slamet Ariyadi dengan Kader PAN untuk Menguatkan Barisan Struktur Partai;https://madurapost.net/konsolidasi-slamet-ariyadi-dengan-kader-pan-untuk-menguatkan-barisan-struktur-partai/;Madura Post
Empat Pilar Dibedah Lewat Diskusi Kritis Pemuda Madura;https://madurapost.net/empat-pilar-dibedah-lewat-diskusi-kritis-pemuda-madura/;Madura Post
Sosialisasi Empat Pilar di Sumenep, Pemuda Diajak Merawat Toleransi di Era Digital;https://madurapost.net/sosialisasi-empat-pilar-di-sumenep-pemuda-diajak-merawat-toleransi-di-era-digital/;Madura Post
Harlah ke-14 Partai NasDem, Tohir Ajak Kader Terus Mengabdi untuk Rakyat;https://madurapost.net/harlah-ke-14-partai-nasdem-tohir-ajak-kader-terus-mengabdi-untuk-rakyat/;Madura Post
Polres Pamekasan Perketat Pengawasan di Titik Strategis, Hotel Odaita Jadi Sasaran;https://madurapost.net/polres-pamekasan-perketat-pengawasan-di-titik-strategis-hotel-odaita-jadi-sasaran/;Madura Post
Halalbihalal Keluarga Mudhary Sumenep, Prof AQ: Kebersamaan Jadi Kunci Keberlanjutan;https://madurapost.net/halalbihalal-keluarga-mudhary-sumenep-prof-aq-kebersamaan-jadi-kunci-keberlanjutan/;Madura Post
Disperkimhub Sumenep Genjot Mudik Gratis, 8.600 Warga Terlayani;https://madurapost.net/disperkimhub-sumenep-genjot-mudik-gratis-8-600-warga-terlayani/;Madura Post
Bupati Sumenep Pastikan Kesiapan Lebaran hingga Ketupat Aman dan Terkendali;https://madurapost.net/bupati-sumenep-pastikan-kesiapan-lebaran-hingga-ketupat-aman-dan-terkendali/;Madura Post
Mobil Dinas Berpelat Merah Melintas di Jalan Tol Saat Libur Lebaran, Pengawasan Aset Pemkab Sampang Dipertanyakan;https://madurapost.net/mobil-dinas-berpelat-merah-melintas-di-jalan-tol-saat-libur-lebaran-pengawasan-aset-pemkab-sampang-dipertanyakan/;Madura Post
